document,label
삼성 페이,11
LG 페이,11
Apple Pay,11
페이나우,11
SK페이,11
Google Pay,11
원페이,11
페이북/ISP,11
핀페이,11
삼성앱카드,11
롯데카드 LIFE,11
KB Pay,11
NH pay,11
신한pLay,11
씨티모바일,11
하나Pay,11
신한 Pay,11
KB Pay,11
우리WON뱅킹,11
sum뱅크,11
iM뱅크,11
투유뱅크개인,11
수협파트너뱅크개인,11
NH앱캐시,11
케이뱅크페이,11
MG상상뱅크,11
우체국페이,11
네이버페이,11
카카오페이,11
페이코,11
L.PAY,11
SSG PAY,11
GS PAY,11
CU 간편결제,11
H.Point Pay,11
스마일페이,11
쿠페이,11
위메프페이,11
티몬페이,11
번개페이,11
헬로페이,11
당근페이,11
교보페이,11
세이페이,11
해피페이,11
컴퓨존페이,11
케이페이,11
토스페이,11
페이앱NFC,11
차이페이,11
티머니페이,11
미래에셋페이,11
현대 카페이,11
기아페이,11
티웨이페이,11
배민페이,11
코리아승무원학원,12
그린컴퓨터아카데미 노원캠퍼스,12
한국항공직업전문학교,12
녹천자동차운전전문학원,12
로고스 논술구술 아카데미,12
케이드림간호학원,12
메이드 수리논술,12
아이엘이 어학원,12
해커스어학원 강남역캠퍼스 본관,12
올댓뷰티아카데미학원 강남점,12
오에프디댄스학원,12
토마스아카데미학원,12
YBM어학원 e4u종로센터,12
킴스애견미용학원,12
트윈클어학원,12
ABC승무원학원 강남점,12
서초동 음악공간,12
박코치어학원 강남캠퍼스,12
YBM어학원 신촌센터,12
김영편입학원 강남단과캠퍼스,12
파고다어학원 강남,12
잼실용음악학원,12
서울패션직업전문학교,12
주한영국문화원 성인어학원 을지로센터,12
SM논술학원 대치점,12
하비실용음악학원 은평점,12
인사이트어학원,12
서경대 풋살파크,12
티아이 연기학원,12
젠테라피 네츄럴 힐링센터,12
DYB 최선어학원 송파,12
폴리어학원 목동캠퍼스,12
해커스경찰학원 노량진캠퍼스,12
파고다어학원 종로타워,12
SBS아카데미컴퓨터아트학원 강남점,12
운전면허시험관리단,12
DYB최선어학원 대치 본원,12
한국보건의료인국가시험원,12
오피아어학원 강남점,12
블랙몽키스튜디오 2호점,12
톡톡어학원 마곡점,12
미래인재경찰학원,12
SBS아카데미컴퓨터아트학원 홍대점,12
퍼스트바리스타제과제빵학원 홍대점 신관,12
SM논술학원 목동점,12
어셔어학원본관,12
발레온도 사당점,12
세움스피치학원,12
박기호 논술학원,12
나무경영아카데미,12
올댓바스켓 대치점,12
시사일본어학원 종로캠퍼스,12
김영편입플러스 신촌캠퍼스,12
안단테꽃예술직업학교,12
엠아이어학원 대치본원,12
엠아이어학원 서초캠퍼스,12
하이미디어컴퓨터학원 종로캠퍼스,12
김영편입 잠실캠퍼스,12
SLP 목동,12
시사일본어학원 강남캠퍼스,12
뮤닥터아카데미 본관,12
AIFA 우리경영아카데미,12
김영편입플러스 강남캠퍼스,12
발레온도,12
펠리스스페인어학원 강남캠퍼스,12
YBM어학원 종로센터,12
컬컴 건대점,12
엠아이어학원 송파캠퍼스,12
아이스피크어학원,12
본스타트레이닝센터,12
맘보바리스타제과제빵학원 홍대지점,12
발레드본,12
극한스피킹,12
은규네스튜디오 본사,12
스카이영어학원,12
김영편입 노원캠퍼스,12
올댓뷰티아카데미학원 노원점,12
채움스피치학원,12
나레스트아카데미 청량리캠퍼스,12
핀스피치학원 강남점,12
메가스터디 뷰티아카데미,12
MK논술학원,12
덕스어학원,12
닥터브로우 반영구학원 강남점,12
SDA삼육어학원 서울본점,12
해커스공무원 노량진캠퍼스,12
톡톡어학원 홍대점,12
서울패러글라이딩,12
JY테니스,12
씨앤에이논술 대치점,12
케이엔에스에듀 초등관,12
최덕황애견미용학원,12
모아소방전기학원,12
민병철어학원 강서점,12
하비실용음악학원,12
파고다 종로,12
음악연습실 스튜디오 피네,12
이맥스어학원,12
파고다원 종로센터,12
서울예술실용전문학교,12
요가 더원,12
YBM어학원 종로이포유센터,12
도도홀 무용연습실 서초점,12
스와튼 아카데미,12
삼보어학원,12
이노블스 목동직영점,12
612어학원 강남점,12
SBS아카데미컴퓨터아트학원 노원점,12
이바우펫애견미용학원 강남아카데미,12
폴리어학원 대치매그넷캠퍼스,12
STS BOXING,12
현재어학원 목동제2캠퍼스,12
리스펙트 킥복싱 아카데미,12
랑발레 스튜디오,12
조져비트 스튜디오,12
해커스잡 취업아카데미,12
에이스애견미용학원 일산점,12
IT 코딩 국비지원 백엔드 빅데이터 클라우드 취업 학원,12
석세스취업학원,12
IT국비취업학원,12
IT 국비지원 코딩 백엔드 빅데이터 클라우드 취업 학원,12
공무원 취업면접 이루다스피치학원 노량진점,12
에듀윌 취업아카데미 강남캠퍼스,12
원흥요양보호사교육원,12
드론존,12
케어에듀은평요양보호사교육원,12
W스피치학원 강남점,12
키움스피치면접학원 노량진본원,12
에듀윌 국비교육원 부평센터,12
핀스피치학원 서울노량진점,12
마이멘토 면접학원,12
인스카이승무원학원,12
국제커리어센터 서울서부지점,12
VFXLAB,12
BCCA 승무원학원,12
키움스피치면접학원 강남점,12
종로요양보호사교육원,12
한빛간호학원,12
일취,12
한국아파트빌딩경리전문학원 구로디지털본원,12
이화간호학원,12
재단법인 서울현대교육재단,12
끌디자인,12
국비지원컴퓨터학원,12
라온제나스피치학원 강남점,12
위드스피치학원,12
부평타일학원,12
논현요양보호사교육원,12
MD교육아카비전,12
솔데스크,12
중앙정보처리학원,12
중앙법률사무교육원,12
마리나스피치학원,12
연세간호조무사학원,12
아이비알뷰티아카데미 성남분당캠퍼스,12
광명시드론교육원,12
현대CAD디자인직업전문학교,12
이바우펫애견미용학원 분당아카데미,12
인지어스 상암지사,12
범계간호학원,12
크루온에어 승무원 면접 진학지도 교습소,12
한국장애인고용공단 서울맞춤훈련센터,12
가온스피치 앤 퍼스널브랜딩,12
제이패션랩,12
국제커리어센터 서울남부,12
벨라루시애견미용학원 분당본원,12
혜민간호학원,12
국제호텔직업전문학교,12
구트아카데미 자바학원,12
새빛드론,12
IT국비 대우직업능력개발원,12
하남미사간호학원,12
U스피치,12
아이티윌,12
인지어스 서울남부지사,12
Once in English,12
신당요양보호사교육원,12
유메테크놀로지코리아,12
제이엠커리어 서울서부지사,12
비트캠프 강남본원,12
글로벌인,12
탑스논술,12
라움 아카데미,12
이현꽃예술학원,12
유앤아이용접학원,12
NY스피치,12
인지어스 서울서부지사,12
플레이데이터 동작캠퍼스,12
송파여성인력개발센터 부설 요양보호사교육원,12
내일배움 국비지원학원,12
오라클자바교육센터,12
에어컨설치기술학원,12
지에프엑스클래스학원,12
코딩학원,12
국제커리어센터 경기안양,12
아지트컴퓨터학원,12
코세아인재개발원,12
카스아카데미,12
원 스피치,12
국제커리어센터 서울동부,12
세이가쿠샤코리아,12
페어링,12
인지어스 인천남동구지사,12
국제커리어센터 서울강남지점,12
메디피아아카데미,12
epee 에페슈즈앤백디자인학원,12
강동엔클렉스,12
국제커리어센터 경기안산,12
그리드웍스,12
한국팔로워십센터,12
포천간호학원,12
나다움스피치,12
JG취업학원,12
인지어스 서울동대문지사,12
커리어랩,12
케이마스터즈,12
빠담뷰디자인하우스,12
두뇌로수학 치타클래스,12
강남캐디사관학교,12
에이케이인재개발센터,12
아라학원,12
오즈커리어 코리아,12
EU프랑스유학회,12
광명시스마트인력개발센터,12
인지어스 경기성남지사,12
위포트토커비별관평생교육시설,12
알렉스커리어컴퍼니,12
인크레파스 자바교육학원,12
커리어조이,12
샐리코치,12
연세인재개발원,12
잡스런공간,12
노진식취업멘토스쿨,12
고강철뷰티아카데미 대전미용취업창원지원센터학원,12
동이쌤의 취업컨설팅,12
황제펭귄취업아카데미,12
대성직업전문학교,12
뉴컴퓨터학원,12
한국스피치학원 서면점,12
영통경기요양보호사교육원,12
이서현의 말하는스피치,12
다온용접학원,12
꽃담요양보호사교육원,12
프로펫애견미용학원 수원점,12
동탄신리요양보호사교육원,12
김영편입학원 대전캠퍼스,12
성모요양보호사교육원,12
용인간호학원,12
대성인테리어기술학원,12
한국아이티전문학원,12
고색요양보호사교육원,12
MBC아카데미 미용학원,12
익산컴퓨터전문학원,12
에어플랜 항공면접학원,12
하단레몬요양보호사교육원,12
새로이스피치,12
SBS아카데미뷰티스쿨 대구캠퍼스,12
공감스피치리더십교육학원,12
마스터용접학원,12
이천간호학원,12
박쌤의 키움 스피치&논술,12
구미직업능력개발학원,12
윤치영면접스피치학원,12
에듀스카이항공승무원학원,12
경희요양보호사교육원,12
이찌방외국어학원,12
박봉식 스피치아카데미,12
첨단간호전문학원,12
마이키즈스피치학원,12
미래직업전문학교,12
에듀코딩&IT학원,12
에어라인리더,12
유앤아이잉글리쉬 원어민 영어회화,12
국제직업전문학교 광주점,12
원어민 일대일 영어회화 유앤아이잉글리쉬,12
7AM스터디,12
블랙시저스 이용학원,12
진주직업전문학교,12
창원직업전문학교,12
아우라뷰티칼리지미용학원 포항캠퍼스,12
홍주제과기술학원,12
유앤아이잉글리시 1대1 원어민 영어회화,12
명스피치아카데미학원,12
인지어스 수원지사,12
충북특수용접학원,12
대한상공회의소 부산인력개발원,12
가경컴퓨터학원,12
명지커피바리스타학원,12
달성간호학원,12
베스트인,12
안성금오요양보호사교육원,12
경남산업기술진흥법인,12
1:1 원어민 영어회화,12
대한요양보호사교육원,12
김현스피치아카데미,12
월드용접기술학원,12
롯데시네마 에비뉴엘,8
씨네큐브광화문,8
에무시네마,8
CGV 명동,8
CGV 피카디리1958,8
CGV 명동역,8
서울아트시네마,8
대한극장,8
청춘극장,8
허리우드극장,8
코리아극장,8
오픈시네마,8
명보아트시네마,8
메가박스 동대문,8
충무로영상센터 오재미동,8
CGV 대학로,8
서울노인복지센터디지털상영관,8
CGV 동대문,8
바다극장,8
오드 프레젠트,8
아트하우스 모모,8
메가박스 신촌,8
브로드웨이아트홀 2관,8
필름포럼,8
CGV 용산아이파크몰,8
CGV 신촌아트레온,8
2022 FRIEDSCREEN,8
백두대간,8
청계극장 매점,8
하이퍼텍나다(폐관),8
필레마,8
생존,8
롯데시네마 용산,8
라이카시네마,8
CGV 왕십리,8
CGV 연남,8
CGV 성신여대입구,8
롯데시네마 홍대입구,8
메가박스 홍대,8
CGV 홍대,8
메가박스 성수점,8
CGV 여의도,8
인디스페이스,8
롯데시네마 청량리점,8
아리랑시네센터,8
메가박스 코엑스,8
CGV 압구정,8
CGV 영등포,8
롯데시네마 합정점,8
CGV 청담씨네시티,8
독립영화전용관 아리랑시네미디어센터,8
메가박스 상암월드컵경기장점,8
롯데시네마 월드타워점,8
롯데시네마 건대입구점,8
KT&G 상상마당 시네마,8
롯데시네마 브로드웨이,8
메가박스 센트럴,8
롯데시네마 영등포,8
CGV 강남,8
CGV 불광,8
메가박스 상암,8
살곶이자동차극장,8
메가박스 더 부티크 목동현대백화점,8
메가박스 강남,8
메가박스 이수점,8
CGV 미아점,8
메가박스 목동지점,8
CGV 건대입구,8
이봄 씨어터,8
메가박스 군자,8
CGV 강변,8
롯데시네마 은평,8
롯데시네마 신림,8
서울영화센터(2024년예정),8
메가박스 상봉점,8
롯데시네마 서울대입구,8
롯데시네마 신대방,8
롯데시네마 도곡,8
씨네Q 신도림점,8
롯데시네마 신도림,8
모노플렉스,8
롯데시네마 중랑,8
CGV 등촌점,8
성미산마을극장,8
메가박스 고양스타필드,8
메가박스 씨티,8
CGV 상봉,8
CGV 수유,8
CGV 구로,8
쇼타임즈,8
넥스트비쥬얼스튜디오 시사실,8
메가박스 아트나인,8
롯데시네마 노원,8
롯데시네마 수유,8
롯데시네마 김포공항,8
롯데시네마 가양,8
KU씨네마테크,8
메가박스 마곡,8
CGV 천호,8
롯데시네마 가산디지털,8
세종문화회관 M씨어터,8
국립정동극장 세실,8
CKL스테이지,8
세종문화회관,8
국립정동극장,8
세종문화회관 대극장,8
샤롯데홀,8
국립극단 명동예술극장,8
세종문화회관 S씨어터,8
서울코미디클럽,8
명동난타극장,8
명보아트홀,8
두산아트센터,8
홍익대학교 대학로 아트센터,8
세종문화회관 체임버홀,8
우미관극장,8
경향아트힐,8
대학로 JTN 아트홀,8
국립극장,8
홍익대학교대학로아트센터 대극장,8
충무아트센터,8
엠스테이지,8
서울돈화문국악당,8
명보아트홀 페인터즈 전용관,8
팡타개라지,8
농협NH아트홀,8
유니플렉스,8
인사아트홀,8
서울남산국악당,8
푸르지오 아트홀,8
뮤지컬점프,8
정극장 행오버,8
북촌창우극장,8
국립극장 해오름극장,8
남인사마당,8
예스24스테이지,8
드라마센터,8
북아현아트홀,8
호암아트홀,8
드림아트센터,8
모두의 극장,8
삼일로창고극장,8
국립극단 백성희장민호극장,8
경향아트힐 페인터즈 전용관,8
북촌나래홀,8
KT&G상상유니브 서울아틀리에,8
동자아트홀,8
JTN 아트홀 1관,8
을지공간,8
대학로티오엠,8
달밤엔씨어터,8
라온아트홀 / 연극 한뼘사이,8
JTN 아트홀 4관,8
허리우드 스카이쇼 공연장,8
명동의낭만명랑시장,8
링크아트센터,8
정동이벤트홀,8
플러스씨어터,8
신세계 메사홀,8
콘텐츠박스,8
바탕골소극장,8
서연아트홀,8
아트포레스트,8
댕로홀,8
틴틴홀,8
후암씨어터,8
해피시어터/연극라면,8
미소공연장,8
정동문화예술회관,8
한국불교역사 문화기념관불교전통문화공연장,8
세우아트센터,8
클래식전용콘서트홀,8
공간서로,8
경복궁아트홀,8
펑키하우스,8
업스테이지,8
룸씨어터,8
국립극단 소극장 판,8
한성아트홀 제1관,8
하마씨어터,8
충무아트센터 대극장,8
아트라운지멋진하늘,8
뮤지컬셰프 가온홀,8
JTN 아트홀 3관,8
JTN 아트홀 2관,8
한경arte필하모닉,8
케이에스앤엔터테인먼트,8
컬쳐씨어터,8
시온아트홀,8
도토리씨어터,8
아크홀,8
쇼비보이,8
해치홀,8
파랑씨어터,8
구세군아트홀,8
아르코예술극장,8
졸탄극장,8
스튜디오 백,8
정동 도깨비스톰 전용관,8
에이치씨어터,8
웨스틴 조선 서울,7
롯데호텔 서울,7
더 플라자 호텔 서울,7
포시즌스호텔서울,7
정동전망대,7
피맛골,7
덕수궁대한문,7
이순신장군동상,7
덕수궁돌담길,7
코리아나 호텔,7
세실극장옥상전망대,7
환구단,7
서울빛초롱축제,7
알로프트 서울 명동,7
롯데호텔 서울 이그제큐티브 타워,7
프레지던트 호텔,7
호텔미드시티명동,7
경복궁,7
뉴서울호텔,7
UH Suite Central Seoul,7
요기는 무인호텔,7
돈의문박물관마을,7
UH Suite Seoul Square,7
크라운파크 호텔 서울,7
청진공원,7
쌈지길,7
르서울호텔,7
트레블로지 명동 시티홀 호텔,7
광화문광장,7
창덕궁,7
종묘,7
플라자스파클럽,7
덕수궁정관헌,7
호텔토마스명동,7
대우모텔,7
알프스모텔,7
명동거리,7
문화역서울284,7
광화문광장해치마당,7
북촌 한옥마을,7
세종대왕동상,7
남산골한옥마을,7
고종즉위40년칭경기념비,7
조선호텔 비지니스센터,7
2023 여성리더스포럼,7
창경궁,7
인사동문화의거리,7
숭례문,7
게스트하우스 버스,7
정동 야행,7
더케이제주호텔,7
로컬스티치 시청 Local Stitch Cityhall,7
경희궁,7
샹그릴라인터내셔날호텔마케팅코리아,7
광화모텔,7
동아일보사옥,7
스몰하우스 빅도어,7
운현궁,7
24게스트하우스 서울시청점,7
가을단풍길(덕수궁길),7
호텔박사,7
남산케이블카,7
글로카로카 광화문,7
투어데스크,7
덕수궁매표소,7
부영소공동호텔(2023년예정),7
열린송현 녹지광장,7
서울광장안내매표소,7
탑골공원,7
나인트리 프리미어 호텔 인사동,7
광화문,7
그린콘크리트,7
덕수궁석어당,7
신라스테이 광화문,7
경북착한사과페스티벌,7
포포인츠 바이 쉐라톤 조선 서울 명동,7
한일여관,7
호텔롯데서울 웨딩센터,7
광화여관,7
신라스테이 서대문,7
N서울타워,7
조계사 템플스테이,7
코트야드 메리어트 서울 남대문,7
다동무교동음식문화의거리,7
서울관광호텔,7
커무브,7
에스호텔,7
MOON hotel&guesthouse,7
호스텔 코코,7
서촌마을,7
창덕궁 돈화문,7
덕수궁중화문,7
청계천민속놀이,7
광화문관광안내소,7
박물관은살아있다 인사동점,7
에이퍼스트호텔,7
사직단,7
릴리엔젤네일,4
디그헤어 광화문점,4
올리브네일&속눈썹,4
삼층네일,4
코리아나호텔바버샵,4
더풋샵 종로구청점,4
제이뷰티 눈썹&네일,4
네일블라썸,4
더벨스파 더플라자점,4
설화수스파 롯데호텔서울점,4
당당왁싱 광화문점,4
약손명가 시청역점,4
안젤라네일샵,4
클래씨바버샵 르메이에르점,4
메드아로마,4
레푸스 종로점,4
라이프라인스,4
루루앤아이래쉬 종로점,4
풋스올 종로광화문점,4
유니눈썹,4
서윤피부맑음 명동점,4
정샘물인스피레이션 에비뉴엘점,4
WT메소드 시청점,4
스포테라피 광화문점,4
약손명가 광화문점,4
브이스파 롯데에비뉴엘본점,4
북창안마지압원,4
브이스파 웨스틴조선호텔 서울점,4
더하노이풋앤바디 시청프레지던트호텔점,4
유이즈,4
블루클럽 중구다동점,4
광화문뷰티,4
토리왁싱 종로점,4
힐링타임,4
아울스파,4
아너디헤어,4
몰디브태닝 을지로종각점,4
K마사지,4
JS에스테틱,4
마고랩,4
HNspa 코리아나호텔점,4
리엔케이,4
오드리네일,4
JBEAUTY눈썹,4
결이고은 시청점,4
네일라이트,4
소니왁싱,4
보나헤어,4
메이크유이 명동점,4
스킨스파 명동본점,4
올리즈에스테틱,4
명동 드림에스테,4
쉼테라피,4
더웨이브 롯데백화점본점,4
유성희헤어,4
스킨러브,4
코코네일,4
라라에르모슈라,4
미담화테라피,4
강루시피부관리,4
넘버텐,4
말짜네일,4
한진이용원,4
바디케어 운동센터,4
비비스헤어,4
재이살롱속눈썹네일,4
발몽브이스파,4
에뜨네르,4
플라자바버샵,4
비타브리드 광화문점,4
미플러스헤어샵,4
SEOUL TATOO,4
조치원이발소,4
TheWave 롯데백화점본점 F7,4
더스타일헤어,4
JIGA HAIR,4
민지눈썹,4
에스아로마,4
블루컷,4
드로잉쇼,4
M네일,4
교보구내이용원,4
네일스퀘어,4
로얄아로마,4
더웨이브 B롯데백화점본점,4
네일스토리 소공지하쇼핑센터점,4
관훈이용원,4
골드클래스,4
보비쥬에스테틱,4
김영현미용실,4
TO YOU SKIN,4
유어핏,4
TheWave 롯데백화점본점,4
리가 에스테틱,4
박언니미용실,4
홍은예에스테틱샵,4
최재연헤어닥터,4
르뱅헤어,4
오스테리아 파로,0
성수다락,0
타코튜즈데이 성수 본점,0
요쇼쿠 성수,0
술있는식탁 성수본점,0
bd버거 성수본점,0
돈구어,0
살라댕템플,0
제스티살룬 성수,0
소문난성수감자탕,0
넛츠비어,0
죠죠,0
김경자원조 손칼국수 보쌈,0
난포,0
비파X호커센터,0
진작다이닝,0
왕십리연탄집,0
브리비트,0
라온석갈비,0
미도인 왕십리역사,0
압구정수산시장,0
오마카세 오사이초밥 성수직영점,0
금돈옥 행당점,0
제일곱창 본점,0
소바식당,0
주르데크레프,0
최영희언양불고기,0
37.5 시그니처 성수,0
봄의정원 성수점,0
오뜨로 성수,0
누메로도스,0
봄의정원 왕십리점,0
웨스턴챕터,0
온량,0
또보겠지떡볶이집 성수말랑쉼표점,0
꾸아 성수점,0
성수족발,0
마리오네,0
아파스타먼 성수,0
쿠나,0
꿉당 성수점,0
쵸리상경,0
엘릿,0
앤드밀 성수점,0
아쿠아산타 서울숲카페,0
서경도락 성수점,0
피넛버터바나나,0
남영동양문 성수점,0
호보식당 성수직영점,0
청기와타운 왕십리역사점,0
춘향미엔 왕십리점,0
타이거풀,0
가조쿠,0
할머니의 레시피,0
르프리크,0
201호,0
호호식당 성수,0
그리노 성수,0
브레디포스트 성수,0
미테이블 성수점,0
핵밥 성수본점,0
성수명당,0
땅코참숯구이 본점,0
문화식당,0
스시도쿠 더성수,0
온류,0
조조칼국수 성수점,0
뽈로파스타,0
평이담백뼈칼국수 성수점,0
사위식당 성수점,0
콩카세,0
우리마키 성수점,0
파르코,0
양평회관 본점,0
카린지린가네스낵바,0
소바마에,0
훈연,0
훼미리손칼국수보쌈,0
메종 파이프그라운드,0
대성갈비,0
희릿,0
대도식당 왕십리본점,0
어메이징브루잉컴퍼니,0
이오로비스트로 성수점,0
돌고래스낵바,0
스시도쿠 왕십리본점,0
투파인드피터 서울성수점,0
쎄콩데live,0
로컬릿,0
대낚식당,0
하마루,0
우동가조쿠 성수점,0
원앤하프,0
팩피,0
고로고로 성수,0
문츠 바베큐,0
목금,0
제제,0
리틀포레스트,0
미쁘동 서울숲,0
빠오즈푸 서울숲직영점,0
브와르,0
송계옥 성수점,0
경주이씨,0
엘더버거 성수,0
중앙감속기,0
인생한우,0
갓잇 성수 홀리워터점,0
성수동 간판없는집,0
핫쵸 성수점,0
하노이102,0
서울스트롤,0
벱,0
우동가조쿠,0
도치피자 성수,0
소인수서울 본점,0
칙피스 성수점,0
성수일미락,0
매란방 왕십리본점,0
오프트,0
고우성수,0
텐동식당,0
시옹마오,0
다이닝 목로 성수점,0
무색,0
소랑호젠,0
맛나곱창,0
육명갈비,0
미아논나,0
금손,0
광명대창집 왕십리점,0
서울숲누룽지통닭구이,0
맷돌,0
솔솥 성수점,0
부우이,0
윕 성수,0
차만다 서울숲점,0
금금 성수점,0
대림국수 성수점,0
후라토식당 성수점,0
테이스트앤드테이스트 성수플래그십,0
굿갓레스토랑 성수역점,0
미도인 성수,0
노모어피자 서울숲점,0
고공 성수본점,0
갱생,0
대취,0
몽련,0
밤토리,0
브라우터,0
마하차이 성수본점,0
미도림,0
전봇대집,0
노가리마켓 서울숲,0
일품백송칼국수,0
탐광,0
퍼부어 성수점,0
멘야코노하 성수,0
스케줄 성수,0
제이드앤워터,0
카타오모이,0
롸카두들 내쉬빌 핫치킨 성수점,0
왕십리 수상한막창,0
오스테리아 쟌니,0
다포케 성수점,0
서울앵무새,0
멘푸라,0
냐항,0
노비아 에 노비오,0
레인리포트 크루아상,0
오션테이블 성수,0
유어네이키드치즈,0
누메로뜨레쓰,0
꽌코이,0
정돈 성수점,0
바오 서울,0
성수온실,0
메이플탑,0
강남면옥 성수점,0
도도한면 성수본점,0
르베지왕 성수공간,0
세디치,0
무근본,0
고원집,0
현심야식당 성수점,0
나누리잡화점,0
오와리 본점,0
밸런스포케 서울숲점,0
띠또분식,0
독보,0
악어떡볶이,0
피키니키 라자냐,0
메종 성수돈,0
화로구이 마장점,0
고기를품다 본점,0
성수동 셋째집,0
성수로운,0
중앙가속기,0
미육탄,0
초이다이닝 성수점,0
무식당 성수본점,0
애리꼼닭발,0
카모메 한양대점,0
페이지스,0
오부이용,0
고깃집왕고을,0
헤비스테이크 성수점,0
까망,0
패티앤베지스 성수,0
샐피,0
dooop,0
부산밀면,0
디핀옥수,0
연평도꽃게아구낙지,0
계월,0
먹어봐 뒷고기,0
스시도쿠카미동 왕십리본점,0
성수속향연,0
메시,0
본앤브레드 신관,0
골든센트리,0
서울숲포도피자 성수,0
쓰리오브어스,0
용용선생,0
지우관,0
조개도,0
오레노카츠 성수본점,0
삼박자,0
은성보쌈,0
쎈느Scene,0
성수라,0
버섯집,0
토라식당,0
서울브루어리 성수,0
봉밀가 서울숲점,0
메이탄 성수서울숲점,0
세밀,0
포지티브 제로 라운지,0
잇샐러드 성수점,0
심마니약초백숙,0
위드번,0
서우 룸다이닝 갤러리아포레점,0
멜라 성수점,0
버거보이 성수낙낙점,0
포맨스,0
행운돈가스,0
성수부두,0
도우소사이어티,0
HDD피자,0
원기옥,0
라무라 성수,0
유가츠,0
유래회관,0
이로우,0
윤경양식당,0
정선부뚜막,0
강별 성수점,0
사운드 플래닛,0
곱순이네,0
이가네양꼬치 성수직영점,0
그린치앙마이,0
서울로인 서울숲점,0
PEEPS,0
연남토마 성수점,0
탄스이카부츠,0
도르리반미,0
원 디그리 노스 성수점,0
멜드,0
토리키치 성수점,0
노이,0
만게츠 답십리점,0
라프레플루트,0
스아게 성수점,0
피자시즌,0
아키야마,0
부원냉면,0
명국수,0
하동진,0
외가집,0
올드핸즈,0
홍익주점 상왕십리역점,0
타논55,0
통돼지 두루치기 김치찌개 전문점,0
만두전빵,0
싹쓰리곱창,0
포도젝트,0
퀴버 서울숲,0
왕십리정곱창,0
밀본 본점,0
포피나,0
중화카츠 서울숲,0
신사소곱창 성수점,0
동구식당,0
수컷웅 하이볼,0
헬렐레,0
리타르단도,0
스시오오모토,0
성수일구,0
오와리 뚝섬점,0
잠수교집 성수 직영점,0
라무라 성수,0
유가츠,0
유래회관,0
이로우,0
윤경양식당,0
정선부뚜막,0
강별 성수점,0
사운드 플래닛,0
곱순이네,0
이가네양꼬치 성수직영점,0
그린치앙마이,0
서울로인 서울숲점,0
PEEPS,0
연남토마 성수점,0
탄스이카부츠,0
도르리반미,0
원 디그리 노스 성수점,0
멜드,0
토리키치 성수점,0
노이,0
만게츠 답십리점,0
라프레플루트,0
스아게 성수점,0
피자시즌,0
아키야마,0
부원냉면,0
명국수,0
하동진,0
외가집,0
올드핸즈,0
홍익주점 상왕십리역점,0
타논55,0
통돼지 두루치기 김치찌개 전문점,0
만두전빵,0
싹쓰리곱창,0
포도젝트,0
퀴버 서울숲,0
왕십리정곱창,0
밀본 본점,0
포피나,0
중화카츠 서울숲,0
신사소곱창 성수점,0
동구식당,0
수컷웅 하이볼,0
헬렐레,0
리타르단도,0
스시오오모토,0
성수일구,0
오와리 뚝섬점,0
잠수교집 성수 직영점,0
두 투리에,1
호말커피,1
자연도소금빵in 성수,1
피넛버터바나나,1
서울앵무새,1
뵈르뵈르,1
레인리포트 크루아상,1
브레디포스트 성수,1
치카성수,1
웨스턴챕터,1
소프트바,1
타임애프터타임,1
기미사 성수,1
케이크 달달,1
LOWIDE 서울숲,1
하이라인,1
구욱희씨 서울숲 본점,1
크림라벨 서울숲 본점,1
밀도 성수점,1
브라우터,1
텅 성수 스페이스,1
누데이크 성수,1
성수 베이킹 스튜디오,1
파머스카페,1
쎈느Scene,1
코끼리베이글 성수,1
체다앤올리,1
오우드 성수1호점,1
마를리,1
스페셜 땡스 투,1
에이투비 Cafe&Bar,1
프롤라,1
카멜커피 성수점,1
씨장,1
로우키,1
위스위츠 서울숲,1
웜브라운,1
투데이즈 위켄드,1
마일스톤 커피 성수점,1
퍼먼트,1
오우도,1
꼬모윤 서울숲점,1
예빈당,1
와이덴,1
뜨아아아커피집,1
맥파이앤타이거 성수티룸,1
5to7,1
아쿠아산타 성수카페,1
디플랫 성수,1
스트로베리32 성수점,1
오로라베이커리카페 성수점,1
하프커피 성수,1
아가젤라또 성수,1
루프 베이커리 카페,1
글로우,1
어라운드데이,1
방추리,1
villa.1990,1
어질 인,1
에르제 성수,1
러프러프,1
온더,1
테니,1
해피캠퍼,1
성수동대림창고갤러리,1
인더매스 마장,1
까치화방 성수낙낙점,1
카페 차 성수점,1
테디스오븐,1
와이704,1
바이닐 성수,1
도렐 성수점,1
카페온화 성수점,1
기댈빙,1
뺑드에코,1
페로몬,1
단일서울,1
BNHR,1
파티세리후르츠,1
레이더,1
업사이드커피,1
브루잉 세레모니,1
바버앤젤라또,1
플디 성수점,1
발렁스,1
비아트 성수,1
띵똥와플 본점,1
카페스니즈,1
코타티 성수점,1
오우드 성수2호점,1
봉순이네다락방 / 봉다방,1
스타벅스 성수역점,1
높은산,1
FINZ,1
청키드 성수점,1
동빙고 성수점,1
camouflage coffee,1
차일디쉬,1
뵈르에코,1
맥코이 성수,1
오푸,1
천상가옥,1
밋보어 카페&이터리 by 에디션덴마크,1
코트사이드,1
카페 포제,1
모리노키세츠,1
강별 성수,1
슈퍼말차 성수,1
클레멘타인,1
팀메리,1
포레스트,1
라에비뉴,1
더반 베를린 성수점,1
로우커피스탠드,1
티룸,1
구펠,1
크로플다일 본점,1
에이치커피로스터스,1
본노엘 성수점,1
오색칠,1
아우프글렛 성수,1
페스토리,1
KANTO 성수,1
구테로이테 성수센트럴키친,1
당도,1
감도 성수점,1
삼옥,1
DYI WORKSHOP,1
모센즈스위트 성수점,1
버니타운,1
메쉬커피,1
유스트레스,1
보마켓 서울숲점,1
코에오 COEO,1
에이테이블 성수점,1
위스위츠,1
하츠커피,1
누아흐,1
미디엄스톤 성수점,1
37.5 시그니처 성수,1
올댓커피 포레스트점,1
앤드밀 성수점,1
오디오시 요거트 왕십리점,1
마아트 커피 브루어스,1
뉴앳던 성수,1
옥별정,1
봇봇봇,1
에빠,1
그레인바운더리 성수점,1
소소하게,1
로우키,1
르셀,1
베이크베이크,1
"카페,브라운팟",1
포지티브 서울숲,1
드소영,1
톤즈커피,1
훔볼트,1
어퍼룸,1
쏘쏘한 베이킹,1
젠젠 성수점,1
나인헤르츠,1
웜히어,1
리브릭,1
아우프글렛 금호,1
BELOW SEONGSOO,1
코스모스상점,1
그린랩,1
올더어글리쿠키&사부아페어,1
309디저트카페,1
메종드마가레뜨,1
라 부슈 뒤 루아,1
오버도즈도넛앤커피 성수,1
피어커피,1
거무티티,1
아이오쓰리 에이스하이엔드점,1
글리터,1
푸르너스가든 서울숲,1
성수정원,1
올드너티 커피로스터스,1
로우커피스탠드 성수점,1
TEESSERT,1
래뮤,1
소재,1
아방베이커리 서울숲점,1
초당옥,1
파로,1
인치스,1
유유커피,1
까사다루아,1
호말커피,1
사이드템포,1
카페요아정,1
성수동 수제모찌,1
메종 파이프그라운드,1
케이크 달달,1
포도빵집,1
리틀포레스트,1
RSG 성수,1
하우스 오브 지알,1
소적두 성수점,1
엘레멘츠,1
시슬러스,1
리틀바잇모어,1
밀카페 우프,1
웨이크앤베이크 성수,1
두 투리에,1
카페 디올 성수 팝업스토어,1
테이퍼드커피,1
달콤왕가탕후루 성수점,1
피리어드,1
메이베이크,1
스타벅스 왕십리역9번출구점,1
201호,1
송정커피,1
데우스 카페 성수점,1
화이트글래스,1
인덱스카라멜,1
스테치,1
소소한가게,1
카페그린,1
두번째마카롱,1
플로피,1
비통레브 르알레스카,1
타크,1
투썸플레이스 서울숲역점,1
퍼멘트베이커리,1
오프커피,1
설빙 한양대점,1
KROW,1
시나본 서울숲점,1
보난자 베이커리,1
그굴,1
백야드빌더성수,1
517랩,1
이트앤드링크,1
그린 파파야 향기,1
릴레이션 카페,1
밀도 옥수점,1
로그라운드,1
배스킨라빈스 성수역점,1
포배럴카페,1
Pauline CoffeeBar,1
에토프커피 성수,1
밀카페 우프,1
웨이크앤베이크 성수,1
두 투리에,1
카페 디올 성수 팝업스토어,1
테이퍼드커피,1
달콤왕가탕후루 성수점,1
피리어드,1
메이베이크,1
스타벅스 왕십리역9번출구점,1
201호,1
송정커피,1
데우스 카페 성수점,1
화이트글래스,1
인덱스카라멜,1
스테치,1
소소한가게,1
카페그린,1
두번째마카롱,1
플로피,1
비통레브 르알레스카,1
타크,1
투썸플레이스 서울숲역점,1
퍼멘트베이커리,1
오프커피,1
설빙 한양대점,1
KROW,1
시나본 서울숲점,1
보난자 베이커리,1
그굴,1
백야드빌더성수,1
517랩,1
이트앤드링크,1
그린 파파야 향기,1
릴레이션 카페,1
밀도 옥수점,1
로그라운드,1
배스킨라빈스 성수역점,1
포배럴카페,1
Pauline CoffeeBar,1
에토프커피 성수,1
라르떼의원 수유역,4
아름다운피부과의원,4
라르떼의원 수유역,4
아가파의원 미아점,4
수유우태하피부과의원,4
아름다운피부과의원,4
미앤미의원 수유,4
우리맑은의원,4
미애로여성의원 수유,4
예지미의원 수유점,4
수민의원,4
해맑은의원,4
미애로여성의원 수유,4
미아사거리 톡스앤필의원,4
북부성모의원,4
샤인의원,4
나인9의원,4
비해피이상양의원,4
김피부과의원,4
강남의원,4
이든피부과의원,4
이소진의원,4
메이퓨어의원 미아점,4
사계절예쁨의원,4
엔젤아이의원,4
김정피부과의원,4
연세애드미피부과의원,4
삼성맑은의원한의원,4
클로바의원,4
연세이너힐의원,4
에스엔케이의원,4
월계내과의원,4
한경원피부과의원,4
맑은의원,4
미래의원피부과,4
박현철피부과의원,4
더샤인한스의원,4
김병철의원,4
비-스킨피부과의원,4
예지미의원 동덕여대점,4
오라쁘띠의원,4
CNP차앤박피부과의원 성신여대점,4
듀오피부과의원,4
다시봄날의원 성신여대점,4
강피부과의원,4
메이드유의원 노원,4
노원아이디의원,4
포이즌의원,4
아비쥬의원 노원,4
다시봄날의원 노원,4
닥터쁘띠의원 노원,4
리멤버피부과의원 노원,4
포에버의원 노원점,4
어수동피부과의원,4
노원 톡스앤필의원,4
정의원,4
휴킨스피부과의원,4
강북이지함피부과의원,4
이준영피부과의원,4
문비뇨기과의원,4
베스트CK의원,4
미앤미의원 노원,4
로젤의원,4
오아로피부과의원 노원본점,4
차앤박피부과의원 노원점,4
스마트의원,4
플러스후의원 노원점,4
서울진피부과의원,4
리버스의원 노원,4
라클라라의원,4
연세부부의원,4
고움의원,4
연세피부과의원,4
밴스의원 노원,4
맑을아 의원,4
행복한피부과의원,4
미체로의원,4
성북하선의원,4
유피부과의원,4
마리앤라인의원,4
제이에스에스테틱,4
이형창의원,4
미몽피부과의원,4
행복한제이피부과의원,4
자이안피부과의원,4
미소진의원,4
아비쥬의원 청량리,4
삼성프렌드의원,4
고은미즈의원,4
자연튼튼의원,4
라플레르의원,4
최의원,4
이피부과의원,4
마이스킨피부과의원,4
파티마피부과의원,4
윤피부과의원,4
맥스웰피부과의원 종로점,4
오킴스피부과의원,4
비앤비클리닉의원,4
예쁜나의원,4
종로연세의원,4
블리비의원 청량리점,4
태미안의원,4
리뉴미피부과의원 동대문점,4
동대문메이퓨어의원,4
우리들의피부과의원,4
종로에스앤유피부과의원,4
안창헌피부과의원,4
봄피부과의원,4
마르지오의원,4
리피부과의원,4
비엘티의원,4
라미에르의원,4
유앤아이피부과의원 왕십리점,4
정피부과의원,4
연세의원,4
소명의원,4
한피부과의원,4
파스텔휴먼피부과의원,4
하얀나라피부과의원,4
웅선의원,4
아비쥬의원 명동,4
종로보령피부과의원,4
리버스의원 종로,4
365다움의원,4
청담준의원,4
은평우태하피부과의원,4
리뉴미피부과의원 홍제점,4
미래의원,4
트윙클의원 광화문점,4
메이퓨어의원 왕십리점,4
나인의원 연신내,4
활짝피움의원,4
샤인더마의원,4
톡스앤필의원 명동점,4
실루엣의원,4
코코메디의원,4
명동예쁨주의쁨의원,4
맑은문피부과의원,4
미애로여성의원 중랑,4
강남의원,4
봄날애의원,4
다시봄날의원 구리,4
더클리어의원,4
한을남하늘피부과의원,4
라렌의원 왕십리,4
예스피부과의원,4
뉴페이스의원,4
연신내메이퓨어의원,4
연세에스웰피부과의원,4
셀린의원 연신내역,4
맑은성모의원,4
리멤버피부과의원 약수역점,4
휴먼피부과의원 은평점,4
밴스의원 명동역,4
민앤정의원,4
프리미엘의원 광화문역,4
연세아인의원,4
푸른의원,4
새하얀피부과의원 은평점,4
리엔장의원 명동,4
포에버의원 홍제점,4
미앤지의원,4
망우이지함피부과의원,4
연세하나로의원,4
라민의원,4
뽀얀피부과의원,4
유앤영피부과의원 명동,4
연세팜스의원,4
김한중피부과의원,4
아미스킨의원 명동,4
은평아이디의원,4
아우라의원 광화문본점,4
하얀나라피부과의원,4
오라클피부과의원,4
서울참피부과의원,4
365서울연합의원,4
올의원,4
명동고운세상피부과의원,4
오라클성형외과의원 동대문점,4
미소가인피부과의원 은평점,4
빛이난다의원,4
다시봄날의원 지축점,4
리멤버피부과의원 별내점,4
CNP차앤박피부과의원 명동점,4
미즈의원,4
청담비엘의원,4
상아피부과의원,4
좋은서울의원,4
예스필의원,4
닥터포유의원 종로점,4
권피부과의원,4
닥터나인의원,4
아름다운나라피부과의원 명동점,4
미소진의원,4
소중한나의원,4
그랑메디의원,4
비타민의원,4
미소가인피부과의원 남양주점,4
아벨피부과의원,4
우태하한승경피부과의원,4
뮤즈의원 명동,4
미라벨의원,4
은평미피부과의원,4
유드림의원,4
최흥열피부과의원,4
제너리스의원 연신내점,4
나음피부과의원,4
데이뷰의원 마포홍대입구역,4
연세조이의원,4
노블린의원,4
연세영피부과의원,4
24시열린의원,4
유앤아이의원 건대점,4
소망의원,4
연세스타피부과의원,4
건대 톡스앤필의원,4
김희옥피부과의원,4
서울하나로의원,4
피부사랑피부과의원,4
김영환피부과의원,4
삼성드림의원,4
씨엘의원,4
메디코스의원,4
리메이 의원,4
마이디피부과의원,4
샤인유의원 건대입구역,4
에스앤유피부과의원,4
리버스의원 홍대입구역,4
다니엘의원,4
아비쥬의원 홍대,4
유앤아이의원 신촌점,4
휴의원,4
미소가인피부과의원 아현점,4
에스준의원 건대점,4
맑은성심피부과의원,4
강태욱피부과의원,4
맑은수피부과의원,4
메이퓨어의원 구리점,4
의정부빔스테틱의원,4
우태하한승경피부과의원,4
뮤즈의원 명동,4
미라벨의원,4
은평미피부과의원,4
유드림의원,4
최흥열피부과의원,4
제너리스의원 연신내점,4
나음피부과의원,4
데이뷰의원 마포홍대입구역,4
연세조이의원,4
노블린의원,4
연세영피부과의원,4
24시열린의원,4
유앤아이의원 건대점,4
소망의원,4
연세스타피부과의원,4
건대 톡스앤필의원,4
김희옥피부과의원,4
서울하나로의원,4
피부사랑피부과의원,4
김영환피부과의원,4
삼성드림의원,4
씨엘의원,4
메디코스의원,4
리메이 의원,4
마이디피부과의원,4
샤인유의원 건대입구역,4
에스앤유피부과의원,4
리버스의원 홍대입구역,4
다니엘의원,4
아비쥬의원 홍대,4
유앤아이의원 신촌점,4
휴의원,4
미소가인피부과의원 아현점,4
에스준의원 건대점,4
맑은성심피부과의원,4
강태욱피부과의원,4
맑은수피부과의원,4
메이퓨어의원 구리점,4
의정부빔스테틱의원,4
롯데마트 삼양점,2
홈플러스익스프레스 미아점,2
하나로마트 농협미아점,2
GS더프레시 강북미아점,2
이마트에브리데이 미아동점,2
이마트 미아점,2
하나로마트 서울경기양돈농협수유점,2
이마트에브리데이 번동점,2
홈플러스익스프레스 길음점,2
이마트에브리데이 창동점,2
식품관 롯데백화점 미아점,2
롯데프레시 창동점,2
GS더프레시 성북클라시아점,2
이마트 하월곡점,2
GS더프레시 길음뉴타운점,2
이마트에브리데이 길음점,2
롯데슈퍼 장위점,2
홈플러스익스프레스 서울쌍문점,2
하나로마트 서울축협월곡점,2
이마트에브리데이 쌍문동점,2
롯데프레시&델리 월계점,2
이마트 창동점,2
트레이더스 홀세일 클럽 월계점,2
GS더프레시 성북돈암점,2
GS더프레시 방학신동아점,2
롯데슈퍼프레시&델리 쌍문점,2
하나로마트 북서울농협본점,2
홈플러스 월곡점,2
롯데마켓999 하월곡점,2
롯데슈퍼 방학점,2
롯데슈퍼 창동2점,2
이마트 월계점,2
이마트에브리데이 종암점,2
하나로마트 창동점,2
홈플러스 방학점,2
GS더프레시 동소문점,2
세이브존 노원점,2
롯데슈퍼 중계점,2
홈플러스 중계점,2
이마트에브리데이 성북동점,2
롯데슈퍼 중계역점,2
롯데마트 중계점,2
하나로마트 월계점,2
홈플러스메가푸드마켓방학점,2
홈플러스익스프레스 상계점,2
킴스클럽 2001아울렛 중계점,2
GS더프레시 노원월계점,2
홈플러스익스프레스 공릉점,2
홈플러스익스프레스 삼선점,2
이마트에브리데이 이문점,2
이마트 묵동점,2
GS더프레시 종로평창점,2
홈플러스익스프레스 명륜2점,2
홈플러스익스프레스 서울회기점,2
킴스클럽 중계점,2
롯데슈퍼 상계11점,2
홈플러스익스프레스 명륜점,2
농협하나로마트 상계점,2
이마트 청계천점,2
롯데마트 청량리점,2
롯데슈퍼 공릉점,2
홈플러스 동대문점,2
코스트코코리아 상봉점,2
홈플러스익스프레스 중계점,2
홈플러스익스프레스 보문점,2
GS더프레시 상계점,2
GS더프레시 성북보문점,2
이마트에브리데이 상계역점,2
이마트에브리데이 상계점,2
이마트 왕십리점,2
이마트에브리데이 공릉동점,2
홈플러스 신내점,2
이마트에브리데이 중계동점,2
이마트 상봉점,2
GS더프레시 종로구기점,2
홈플러스 상봉점,2
하나로마트 서울경기양돈농협이문점,2
롯데프레시 묵동점,2
서울원예농협하나로마트,2
홈플러스익스프레스 숭인점,2
이마트에브리데이 도봉점,2
홈플러스익스프레스 태릉점,2
홈플러스 면목점,2
롯데슈퍼 장안점,2
롯데마트 제타플렉스 서울역점,2
롯데슈퍼 전농점,2
서서울농협하나로마트 사직지점,2
이마트 은평점,2
동서울농협 하나로마트 신내점,2
홈플러스익스프레스 광화문점,2
GS더프레시 성동텐즈힐점,2
롯데슈퍼 은평점,2
동서울농협 하나로마트 장안점,2
하나로마트 서대문점,2
이마트에브리데이 홍은점,2
트레이더스 홀세일 클럽 스타필드 고양점,2
롯데마트 은평점,2
롯데슈퍼 봉화산역점,2
신도농협 로컬푸드직매장 지축점,2
롯데마트 행당역점,2
GS더프레시 상왕십리역점,2
홈플러스익스프레스 신당점,2
이마트에브리데이 당고개역점,2
롯데슈퍼 유진점,2
킴스클럽 nc백화점 불광점,2
홈플러스익스프레스 왕십리점,2
롯데프레쉬 은평진관점,2
롯데슈퍼 범서점,2
이마트에브리데이 답십리점,2
롯데슈퍼 홍제2점,2
GS더프레시 동대문장안점,2
이마트에브리데이 무악재점,2
이마트 별내점,2
이마트 마포점,2
홈플러스익스프레스 상계장암점,2
이마트 신촌점,2
하나로마트 삼송점,2
GS더프레시 무악현대점,2
홈플러스익스프레스 불광점,2
농협하나로마트 경희궁자이점,2
이마트 용산점,2
이마트 자양점,2
홈플러스익스프레스 구산점,2
동서울농협 하나로마트 망우점,2
홈플러스익스프레스 면목점,2
홈플러스익스프레스 금호점,2
홈플러스 월드컵점,2
GS더프레시 녹번이캐슬점,2
코스트코코리아 양평점,2
이마트에브리데이 면목동점,2
GS더프레시 남양주별내점,2
코스트코코리아 하남점,2
하나로마트 서서울농협연서점,2
롯데슈퍼 신당점,2
코스트코코리아 의정부점,2
이마트에브리데이 중곡동점,2
하나로마트 농협신촌점,2
GS더프레시 구리갈매점,2
롯데마트 장암점,2
홈플러스익스프레스 중곡점,2
홈플러스익스프레스 망우점,2
홈플러스 합정점,2
롯데슈퍼 역촌점,2
이마트 다산점,2
GS더프레시 중랑망우점,2
홈플러스익스프레스 남양주별내2점,2
GS더프레시 광진화양점,2
코스트코코리아 양재점,2
킴스클럽 강남점,2
홈플러스익스프레스 금호2점,2
GS더프레시 서울역센트럴자이점,2
하나로마트 별내농협본점,2
자연주의 의정부호원점,2
이마트에브리데이 명지대점,2
홈플러스 강동점,2
롯데마트 제타플렉스 잠실점,2
이마트 수색점,2
이마트 의정부점,2
롯데 프리미엄 푸드마켓 공덕점,2
GS더프레시 갈매중앙점,2
하나로마트 서서울농협응암지점,2
트레이더스 홀세일클럽 스타필드 하남점,2
농협하나로마트 용산점,2
코스트코코리아 고척점,2
롯데슈퍼 원효로점,2
홈플러스 의정부점,2
이마트 역삼점,2
홈플러스익스프레스 신사점,2
이마트에브리데이 구리갈매점,2
코스트코코리아 일산점,2
홈플러스익스프레스 응암점,2
이마트 여의도점,2
GS더프레시 남산타운점,2
롯데마트 강변점,2
이마트에브리데이 남가좌점,2
롯데슈퍼프레시 홍은점,2
코스트코코리아 광명점,2
하나로마트 신도농협본점,2
롯데마트 서초점,2
홈플러스 가양점,2
홈플러스 강서점,2
롯데프레쉬앤델리 교문점,2
하나로마트 다산역점,2
롯데마트 양평점,2
하나로마트 양재점,2
이마트 천호점,2
GS더프레시 마포염리점,2
이마트 명일점,2
이마트 영등포점,2
자연주의 구리인창점,2
하나로마트 구리농협본점,2
롯데슈퍼999 갈월점,2
홈플러스 영등포점,2
홈플러스 잠실점,2
이마트에브리데이 은평진관점,2
롯데슈퍼 남가좌점,2
롯데슈퍼 회룡역점,2
홈플러스익스프레스 옥수점,2
홈플러스익스프레스 한남점,2
롯데마트 월드타워점,2
트레이더스 홀세일 클럽 스타필드시티 위례점,2
홈플러스익스프레스 갈현점,2
홈플러스익스프레스 북가좌점,2
롯데슈퍼 마포대흥점,2
GS더프레시 남가좌디엠씨점,2
홈플러스익스프레스 중곡2점,2
롯데슈퍼 마포점,2
롯데슈퍼 고양삼송점,2
홈플러스익스프레스 의정부호원점,2
홈플러스익스프레스 압구정점,2
이마트에브리데이 고양삼송점,2
트레이더스 홀세일클럽 부천점,2
GS더프레시 북가좌점,2
하나로마트 서서울농협신사점,2
트레이더스 홀세일 클럽 김포점,2
이마트 목동점,2
홈플러스익스프레스 인창점,2
홈플러스익스프레스 연남점,2
이마트 구로점,2
롯데슈퍼 롯데슈퍼서대문센터,2
롯데프레시 한남가맹점,2
홈플러스 목동점,2
홈플러스익스프레스 도화점,2
서서울농협 하나로마트 서강점,2
이마트트레이더스 홀세일 클럽 킨텍스점,2
GS더프레시 광진구의점,2
GS더프레시 서울숲점,2
하나로마트 성산점,2
하나로마트 장흥농협송추지점,2
이마트에브리데이 신곡풍림점,2
하나로마트 구리농협수평점,2
세이브존 화정점,2
롯데프레시 다산역점,2
이마트 신도림점,2
하나로마트 서서울농협상암점,2
하나로마트 장흥농협본점,2
롯데슈퍼 신곡점,2
하나로마트 농협청담점,2
하나로마트 중앙농협본점,2
이마트 화정점,2
이마트에브리데이 고양삼송2점,2
하나로마트 하남농협,2
이마트 진접점,2
강동농협하나로마트 로데오점,2
롯데후레쉬 고양동산가맹점,2
홈플러스 금천점,2
GS더프레시 압구정점,2
롯데프레쉬 봉은사로점,2
GS더프레시 다산중앙점,2
GS더프레시 별내2점,2
롯데마트 고양점,2
농협하나로마트 성내지점,2
롯데마트 송파점,2
이마트 가든파이브점,2
롯데프레쉬 논현점,2
GS더프레시 신사점,2
이마트에브리데이 다산점,2
이마트 남양주점,2
GS더프레시 마포상암점,2
이마트 하남점,2
이마트에브리데이 고덕강일점,2
이마트에브리데이 강남시장점,2
롯데슈퍼 잠원점,2
롯데프레시 아차산점,2
GS더프레시 향동디엠씨점,2
하나로마트 농협하나로클럽고양점,2
트레이더스 홀세일 클럽 구성점,2
홈플러스 신도림점,2
이마트에브리데이 의정부장암점,2
GS더프레시 신촌숲아이파크점,2
이마트 성남점,2
트레이더스 홀세일클럽 송림점,2
이마트 신월점,2
롯데슈퍼 향동스타비즈점,2
롯데마트 화정점,2
이마트 수서점,2
자연주의 강남구청점,2
홈플러스 남현점,2
GS더프레시 의정부민락점,2
GS더프레시 관악점,2
트레이더스 홀세일 클럽 군포점,2
GS더프레시 명일점,2
이마트에브리데이 이수점,2
코스트코코리아 공세점,2
이마트 풍산점,2
이마트 광명소하점,2
홈플러스익스프레스 상암점,2
하나로마트 의정부농협가능점,2
홈플러스익스프레스 용강점,2
이마트에브리데이 용현동점,2
롯데슈퍼 고양원흥점,2
이마트 산본점,2
트레이더스 홀세일클럽 수원점,2
GS더프레시 용산해링턴점,2
하나로마트 농협고덕점,2
이마트 양재점,2
이마트에브리데이 광나루역점,2
이마트에브리데이 광장점,2
GS더프레시 용산이촌점,2
홈플러스 경기하남점,2
롯데마트 고양점,2
농협하나로마트 성내지점,2
롯데마트 송파점,2
이마트 가든파이브점,2
롯데프레쉬 논현점,2
GS더프레시 신사점,2
이마트에브리데이 다산점,2
이마트 남양주점,2
GS더프레시 마포상암점,2
이마트 하남점,2
이마트에브리데이 고덕강일점,2
이마트에브리데이 강남시장점,2
롯데슈퍼 잠원점,2
롯데프레시 아차산점,2
GS더프레시 향동디엠씨점,2
하나로마트 농협하나로클럽고양점,2
트레이더스 홀세일 클럽 구성점,2
홈플러스 신도림점,2
이마트에브리데이 의정부장암점,2
GS더프레시 신촌숲아이파크점,2
이마트 성남점,2
트레이더스 홀세일클럽 송림점,2
이마트 신월점,2
롯데슈퍼 향동스타비즈점,2
롯데마트 화정점,2
이마트 수서점,2
자연주의 강남구청점,2
홈플러스 남현점,2
GS더프레시 의정부민락점,2
GS더프레시 관악점,2
트레이더스 홀세일 클럽 군포점,2
GS더프레시 명일점,2
이마트에브리데이 이수점,2
코스트코코리아 공세점,2
이마트 풍산점,2
이마트 광명소하점,2
홈플러스익스프레스 상암점,2
하나로마트 의정부농협가능점,2
홈플러스익스프레스 용강점,2
이마트에브리데이 용현동점,2
롯데슈퍼 고양원흥점,2
이마트 산본점,2
트레이더스 홀세일클럽 수원점,2
GS더프레시 용산해링턴점,2
하나로마트 농협고덕점,2
이마트 양재점,2
이마트에브리데이 광나루역점,2
이마트에브리데이 광장점,2
GS더프레시 용산이촌점,2
홈플러스 경기하남점,2
뉴욕M치과의원,6
강북바른정형외과의원,6
최윤영내과의원,6
수연합의원,6
강북삼성의원,6
사상지앤미한의원,6
윤성호치과의원,6
길치과의원,6
우리베스트내과의원,6
미래소아청소년과의원,6
아름다운피부과의원,6
미앤미의원 수유,6
서울팰리스치과의원,6
아름다운피부과의원,6
365메디의원,6
의료법인성화의료재단대한병원,6
서울H내과의원,6
엘앤에스비뇨기과의원,6
수유보건지소,6
같은마음정신건강의학과의원,6
우리맑은의원,6
김성학이비인후과의원,6
서울더퍼스트치과의원,6
리앤여성의원,6
다나이비인후과의원,6
제이유산부인과의원,6
미애로여성의원 수유,6
S다인치과의원,6
한사랑의원,6
더조은안과의원,6
미아온정형외과의원,6
이창훈신경과의원,6
강북바른정형외과의원,6
예지미의원 수유점,6
강북으뜸병원,6
수유탑정형외과의원,6
신통신경외과의원,6
365항외과의원,6
소나무한의원,6
사랑이치과의원,6
밝은연세안과의원,6
서울조이내과의원,6
유디치과의원,6
신일병원,6
강북연세내과의원,6
연세고운미소치과의원,6
허니의원,6
수유탑내과의원,6
연세백세내과의원,6
서울탑의원,6
서울넘버원정형외과의원,6
마음벗김종범정신과의원,6
닥터포유의원 미아점,6
박동언정신건강의학과의원,6
길맨비뇨기과의원 강북,6
내일맑음재활의학과의원,6
현대정형외과의원,6
혜민서한의원,6
예코이비인후과의원,6
청구경희한의원 미아점,6
연세안과의원,6
내일내과의원 강북점,6
정비뇨의학과의원,6
수유늘찬한의원,6
이경원정형외과의원,6
경희황소한방병원,6
삼양박가정의원,6
해오름치과의원,6
타임플란트치과의원,6
최강서울안과의원,6
연세비뇨기과의원,6
서울굿타임치과의원,6
올바른한의원,6
우신향정형외과의원,6
서울현대병원,6
서울우리의원,6
한일병원,6
연세내과의원,6
효성요양병원,6
라엘산부인과의원,6
우리의원,6
엠플란트치과의원,6
수유경희한의원,6
김보연산부인과의원,6
서울민플러스치과의원 수유역점,6
강북안정한의원,6
연세뉴욕치과의원,6
추재학이비인후과,6
서울하나의원,6
민병원,6
연세신효선성형외과의원,6
오투피부과의원,6
유로탑비뇨기과의원,6
하맥외과의원,6
류의원,6
미래안과의원,6
박희관정신건강의학과의원,6
더예쁜치과의원,6
김용운성형외과의원,6
김영우정신건강의학과의원,6
참조은의원,6
상아치과의원,6
미아보감한의원,6
서현산부인과의원,6
강북제일항외과의원,6
강북휴요양병원,6
국립재활원,6
강북구보건소,6
아가엄마여성의원,6
경희치과병원,6
우창하안과의원,6
서울예람치과의원,6
홍종서내과의원,6
스마일내과의원,6
박병규내과의원,6
미라온한의원 강북,6
강북백상치과의원,6
푸른성모이비인후과의원,6
선한의원,6
모아한의원 수유점,6
주영식이비인후과의원,6
연세수치과의원,6
북서울요양병원,6
한밝한의원,6
서울민치과의원,6
주한수안과의원,6
강북우리들병원,6
햇빛병원,6
강북서울이비인후과의원,6
성모365의원,6
임플러스치과의원,6
마디척신경외과의원,6
미래아이산부인과의원,6
행복플러스치과의원,6
건강만세한의원,6
쾌청한의원,6
연진내과의원,6
신통한성모마취통증의학과의원,6
서울공감치과의원,6
지사미한의원,6
강북연세정형외과의원,6
삼양으뜸한의원,6
청아한의원,6
강원석내과의원,6
강북구보건소 삼각산보건지소,6
김태군한의원,6
엘앤비치과의원,6
서울삼성본치과의원,6
닥터맘소아청소년과의원,6
연세꼬마이치과의원,6
정마취통증의학과의원,6
미아서울치과의원,6
천고한의원,6
굿모닝정형외과의원,6
서울미치과의원,6
고신경외과의원,6
서영수치과의원,6
서울신세계안과의원,6
서울정석치과의원,6
자향한방병원,6
연세오내과의원,6
강북서울외과의원,6
신앤장서울내과의원,6
닥터박치과의원,6
늘푸른연세의원,6
예일소아청소년과의원,6
박내과의원,6
석비뇨기과의원,6
유비뇨기과의원,6
이재용내과의원,6
서울정치과의원,6
일심치과의원,6
심외과의원,6
봄의미소치과의원,6
현인요양병원,6
e좋은치과의원,6
미즈폼에스테틱안과,6
김주영이비인후과의원,6
동의부부한의원,6
행복한미소치과의원,6
경희더원한의원,6
서울미소치과의원,6
이이비인후과의원,6
영치과의원,6
SK우리들정형외과의원,6
유제윤치과의원,6
미래로치과의원,6
선내과의원,6
상쾌한이비인후과,6
서울현대병원 신관,6
우리가족한의원,6
최진내과의원,6
뉴욕M치과의원,6
선한치과의원,6
이신영의원,6
박춘근치과의원,6
뉴욕치과의원,6
엔젤소아청소년과의원,6
의료법인열린의료재단미아열린의원,6
강북편한내과의원,6
미아중앙의원,6
성모마취통증의학과의원,6
김영재내과의원,6
전종호정신과의원,6
한사랑한의원,6
행복담은샘치과의원,6
서울유병원,6
호담재한의원,6
정소아청소년과의원,6
꿈의숲경희한의원,6
강북연세이비인후과의원,6
남양당한의원,6
더탑성형외과의원,6
서울수치과의원,6
강북가이드치과의원,6
평산한의원,6
미아경희한의원,6
수민의원,6
류앤고치과의원,6
서울류내과의원,6
메디미의원,6
정인한의원,6
김문선치과의원,6
강기호치과의원,6
최기영치과의원,6
강북서울치과의원,6
한일병원 응급실,6
조한표내과의원,6
유성현의원,6
해맑은의원,6
김진국치과의원,6
우성한의원,6
미아사거리 톡스앤필의원,6
동서통합의원,6
이기영내과의원,6
강북경희치과의원,6
황소정형외과의원,6
명가한의원,6
현대플러스치과의원,6
서울이비인후과의원,6
미아중앙의원,6
성모마취통증의학과의원,6
김영재내과의원,6
전종호정신과의원,6
한사랑한의원,6
행복담은샘치과의원,6
서울유병원,6
호담재한의원,6
정소아청소년과의원,6
꿈의숲경희한의원,6
강북연세이비인후과의원,6
남양당한의원,6
더탑성형외과의원,6
서울수치과의원,6
강북가이드치과의원,6
평산한의원,6
미아경희한의원,6
수민의원,6
류앤고치과의원,6
서울류내과의원,6
메디미의원,6
정인한의원,6
김문선치과의원,6
강기호치과의원,6
최기영치과의원,6
강북서울치과의원,6
한일병원 응급실,6
조한표내과의원,6
유성현의원,6
해맑은의원,6
김진국치과의원,6
우성한의원,6
미아사거리 톡스앤필의원,6
동서통합의원,6
이기영내과의원,6
강북경희치과의원,6
황소정형외과의원,6
명가한의원,6
현대플러스치과의원,6
서울이비인후과의원,6
소중한 필라테스,9
피트니스 베네핏 수유점,9
범휘트니스 수유점,9
굿바디필라테스 EMS트레이닝PT,9
탑 기구필라테스 빨래골점,9
수경탁구클럽,9
아트당구클럽,9
다성당구장,9
에이블짐 수유점,9
슈가복싱 수유점,9
스포애니 삼양사거리점,9
필라테스 린 미아점,9
에스바디워크필라테스 수유점,9
레디포짐,9
뮤온 요가&필라테스,9
스포애니 수유역점,9
핫플 테니스,9
M휘트니스,9
강북롤러스케이트,9
에스바디워크필라테스 수유점,9
M스피닝 강사 교육,9
에스핏 휘트니스,9
더본골프랩,9
강북문화예술회관수영장,9
버클필라테스&PT 미아역점,9
휘트니스엠 수유점,9
짐초이 수유점,9
골프존파크 미아하바나스크린점,9
더블유볼링,9
더바른휘트니스,9
요가힐 엔 필라테스,9
바디코드 필라테스&PT 수유점,9
SG골프 수유점,9
피트니스팩토리24 수유4호점,9
강북사격장,9
강북구종합체육센터(2023년10월예정),9
테니스몬,9
휘트니스피플 우먼 수유역점,9
오동골프클럽,9
CL필라테스 미아점,9
수유OK탁구클럽,9
강북웰빙스포츠센터,9
위빙복싱클럽,9
M필라테스,9
다함께야구왕 수유점,9
탑복싱클럽 미아점,9
골드로드복싱,9
수유요가 프리미엄,9
커브스 수유클럽,9
필라테스 구름,9
요가타운 수유교육원,9
더바디핏 필라테스 수유점,9
오동근린공원실내배드민턴장,9
주스타복싱클럽,9
소중한 필라테스,9
골프존파크 수유강북구청점,9
올레이디짐 가오리점,9
부스터짐,9
아이러브 필라테스 수유점,9
우이볼링장,9
럭키볼링센터,9
빌런캐롬클럽,9
유앤아이테니스,9
수진필라테스,9
큐에이치필라테스&PT더프리미엄 수유점,9
해가든짐수유점,9
이기동복싱체육관,9
믹스요가 필라테스,9
로아짐 수유역점,9
솔샘배드민턴클럽,9
플로리다휘트니스 삼양동점,9
DW 휘트니스,9
코어주짓수 존 프랭클팀 수유점,9
수유주짓수,9
노블휘트니스,9
우리스크린골프,9
탑 기구필라테스 가오리역점,9
럭키골프클럽,9
에코필라테스+미아뉴타운점,9
온다스크린골프존,9
펀휘트니스미아점,9
볼링펍 CGV수유점,9
커브스 미아클럽,9
현당구장,9
라온스크린골프,9
리하트요가,9
룩스필라테스 광산사거리점,9
삼양동주짓수,9
벤투스캐롬클럽 강북미아점,9
이흥덕유도체육관,9
서경 스포렉스,9
크로스핏웨일 미아점,9
K1당구장,9
강북구민운동장,9
명인당구장,9
업타운 휘트니스 미아사거리점,9
해동검도삼양관,9
아크골프스튜디오,9
에임트레이닝랩 성신미아운정점,9
GDR아카데미 강북미아점,9
데일리PT샵 삼양2호점,9
길음푸르지오스포츠센터,9
24골프스쿨,9
리브QED골프 스튜디오,9
수골프앤짐,9
북서울자이폴라리스주민운동시설,9
필라테스 온 루케테80 수유점,9
더 퍼스트짐,9
수유 펀치라인복싱,9
은 벨리&요가,9
인피니 필라테스,9
가오리주짓수,9
라이프플러스휘트니스,9
BODY DOCTOR,9
라미 필라테스 스튜디오,9
이호준탁구클럽,9
즐거운몸짓 스튜디오,9
007당구장,9
데일리PT샵,9
삼양검도관,9
바르다필라테스,9
3949당구장,9
수유배드민턴클럽,9
솔샘탁구이야기,9
신나는탁구클럽,9
캐롬클럽강북구3쿠션국제식대대전용당구장,9
강북권투,9
스트라이크존 미아사거리구장,9
라온배드민턴클럽,9
특공무술 우리도장,9
파인드미피티스튜디오,9
강북구민운동장축구장,9
벙커짐,9
탑당구클럽,9
광산탁구장,9
핏오짐 4호점,9
왕당구장,9
란필라테스 스튜디오,9
이레탁구클럽,9
핏라인점핑,9
제이짐 휘트니스,9
크로스핏FA,9
미아동주민자치위원회 헬스장,9
S GYM,9
백암배드민턴클럽,9
유포리아 피티&필라테스,9
MTA태권도 서울 삼각산점,9
해동검도합기도금무관,9
ITA 테니스존 도봉점,9
슈퍼스타S 휘트니스,9
화계당구장,9
머슬엑스짐,9
이완&요가,9
슈가복싱 번동점,9
베스트당구클럽,9
세종당구아카데미,9
꿈의숲 탁구장,9
미래당구클럽,9
큐당구장,9
이룸 필라테스&요가플라잉번지,9
타이틀복싱킥복싱MMA우슈,9
코리아당구장,9
개그당구클럽,9
엠베이스볼 아카데미,9
스마일당구장,9
힐사이드골프스쿨,9
번동탑짐 주짓수 킥복싱,9
당구충전소,9
킹당구장,9
스타당구장,9
하늘의기세상,9
대우스포츠센터,9
디세븐당구클럽,9
미아뉴타운SK북한산시티아파트골프,9
라인짐 1호점,9
아이유당구클럽,9
건운재피트니스센터,9
룩스필라테스 정릉점,9
슬림점핑다이어트,9
바름요가,9
화이트 힐 피트니스,9
삼성골프클럽,9
스카이 당구클럽,9
창동탑짐,9
피케이풋살장,9
명성당구클럽,9
박s당구장,9
고핏짐,9
킹골프연습장,9
HD휘트니스,9
크로스핏 앤츠,9
진스 요가,9
세븐당구장,9
스타필라테스,9
아이원휘트니스,9
MY캐롬대대전용클럽,9
스포애니 쌍문역점,9
라이프플러스휘트니스,9
하나스포츠,9
강북구청 오동근린배드민턴장,9
스마일보이짐 창동점,9
국제당구장,9
건강한정릉,9
바디엔필라테스,9
휴먼휘트니스클럽 앤 골프,9
탑번지 플라잉요가 필라테스,9
한게임당구장,9
태선문체육관,9
큐박스당구장,9
아크로짐 미아사거리역점,9
이너라인 필라테스 미아점,9
펀휘트니스 미아점,9
라이프 기구필라테스,9
패밀리 당구클럽,9
모던필라테스 미아점,9
라온합기도&점핑클럽,9
메이저 복싱짐 2호점,9
NH FITNESS CLUB,9
GPT골프레슨,9
수유다이어트복싱킥복싱MMA우슈,9
보라필라테스,9
썬당구장,9
소울 휘트니스,9
309필라테스,9
Good Fit,9
위빙복싱클럽,9
드림골프스토리,9
한국합기도연맹 서울총본관,9
올레이디짐 덕성여대점,9
민당구클럽,9
정릉골프레슨TSGDR아카데미,9
미아뉴타운SK북한산시티아파트농구장,9
업타운필라테스 미아사거리점,9
벨라인필라테스 길음점,9
챔피언탁구클럽,9
정릉테니스홀릭,9
당구충전소,9
요가마중,9
당구충전소 2호점,9
은진당구장,9
모아당구클럽,9
아메리카요가 미아점,9
프리모레저산업,9
잔필라테스,9
휴먼휘트니스클럽 앤 골프,9
탑번지 플라잉요가 필라테스,9
한게임당구장,9
태선문체육관,9
큐박스당구장,9
아크로짐 미아사거리역점,9
이너라인 필라테스 미아점,9
펀휘트니스 미아점,9
라이프 기구필라테스,9
패밀리 당구클럽,9
모던필라테스 미아점,9
라온합기도&점핑클럽,9
메이저 복싱짐 2호점,9
NH FITNESS CLUB,9
GPT골프레슨,9
수유다이어트복싱킥복싱MMA우슈,9
보라필라테스,9
썬당구장,9
소울 휘트니스,9
309필라테스,9
Good Fit,9
위빙복싱클럽,9
드림골프스토리,9
한국합기도연맹 서울총본관,9
올레이디짐 덕성여대점,9
민당구클럽,9
정릉골프레슨TSGDR아카데미,9
미아뉴타운SK북한산시티아파트농구장,9
업타운필라테스 미아사거리점,9
벨라인필라테스 길음점,9
챔피언탁구클럽,9
정릉테니스홀릭,9
당구충전소,9
요가마중,9
당구충전소 2호점,9
은진당구장,9
모아당구클럽,9
아메리카요가 미아점,9
프리모레저산업,9
잔필라테스,9
세화온누리약국,6
삼천약국,6
우정약국,6
코리아약국,6
푸른약국,6
서울진약국,6
온누리대성약국,6
고려약국,6
셀메드 세일약국,6
한사랑온누리약국,6
삼일약국,6
녹십자약국,6
세계로약국,6
건강비타민약국,6
행복이가득한수약국,6
수유시장약국,6
운산약국,6
세화온누리약국,6
365올리브약국,6
삼양약국,6
다나약국,6
밀알약국,6
오수약국,6
미아역온누리약국,6
수유대한약국,6
라라온누리약국,6
우리대한약국,6
새암온누리약국,6
수유동약국,6
참사랑약국,6
백십자약국,6
새현대약국,6
삼화온누리약국,6
강북김약국,6
웰빙약국,6
강북메디칼약국,6
조은약국,6
사랑약국,6
봄봄약국,6
수유온누리약국,6
그린팜약국,6
밝은온누리약국,6
수유상록수약국,6
노약국,6
한독약국,6
새솔약국,6
더사랑약국,6
다나을약국,6
고전약국,6
새서울약국,6
보광약국,6
동양당한약국,6
혜민약국,6
오렌지약국,6
강북제일약국,6
이오약국,6
SK온누리약국,6
연세약국,6
어약국,6
인수약국,6
바로나한약국,6
바이엘약국,6
민들레약국,6
누가약국,6
솔약국,6
요나약국,6
지영약국,6
수유 오약국,6
북부약국,6
옵티마네오프라자약국,6
뉴타운약국,6
상아약국,6
대명약국,6
타워온누리약국,6
수유대학약국,6
단골약국,6
윤슬약국,6
은행나무약국,6
신통일약국,6
햇살약국,6
생수당약국,6
가족사랑약국,6
안국온누리약국,6
에버그린약국,6
윤약국,6
장수약국,6
송천약국,6
강북우리약국,6
행복가득약국,6
솔샘온누리약국,6
바른약국,6
우림약국,6
그랑프리약국,6
매일약국,6
번동프라자약국,6
참약국,6
화원약국,6
해오름약국,6
삼성약국,6
수유파랑새약국,6
송일약국,6
선영약국,6
수온누리약국,6
하은약국,6
사거리우리약국,6
진약국,6
강북다모아약국,6
꿈의숲스타약국,6
대웅약국,6
명문약국,6
정문약국,6
중앙약국,6
허브약국,6
늘편한약국,6
필약국,6
온누리청수약국,6
우리들약국,6
세종약국,6
메디팜한마음약국,6
더블유스토어 창동남대문약국,6
건강약국,6
영훈약국,6
새한약국,6
엄마약국,6
번동약국,6
번동종로약국,6
조아약국,6
임온누리약국,6
미아팜약국,6
영약국,6
금빛약국,6
중앙온누리약국,6
미아약국,6
녹십자약국,6
아이팜약국,6
웰니스약국,6
한빛약국,6
정해온누리약국,6
후문한일약국,6
옵티마e편한약국,6
라파온누리약국,6
펜타약국,6
열린대학약국,6
센터피스정약국,6
후문약국,6
신프라자약국,6
태평양약국,6
래미안약국,6
대우약국,6
새신흥약국,6
착한약국,6
중앙약국,6
사랑온누리약국,6
민정약국,6
신창약국,6
덕성그린약국,6
웰팜약국,6
다온약국,6
봄약국,6
메디팜미소약국,6
메디팜미소약국,6
재원약국,6
용호약국,6
아이약국,6
종로태평양약국,6
늘푸른약국,6
송이약국,6
현대약국,6
멜론약국,6
무지개온누리약국,6
정릉열린약국,6
수보온누리약국,6
십자약국,6
신정릉우리약국,6
태양약국,6
부부약국,6
녹원당약국,6
한강약국,6
대창약국,6
다정약국,6
호수온누리약국,6
메디칼2층약국,6
메디팜건강약국,6
월곡우리약국,6
기린온누리약국,6
365약국,6
메디팜큰사랑약국,6
가정약국,6
신삼성약국,6
아름다운약국,6
연주약국,6
참바로약국,6
은혜약국,6
동민약국,6
다정약국,6
유명약국,6
도담약국,6
참좋은약국,6
나약국,6
힘찬약국,6
동서옵티마약국,6
우리들약국,6
솔밭약국,6
힘찬약국,6
선약국,6
삼우약국,6
아이메디칼약국,6
공원아이사랑약국,6
프라임온누리약국,6
햇님약국,6
신세원약국,6
국민온누리약국,6
누리약국,6
길음메디칼약국,6
청백약국,6
아이사랑약국,6
월계약국,6
정주약국,6
밝은약국,6
늘봄약국,6
청춘약국,6
아가페온누리약국,6
황인재약국,6
메디팜백약국,6
월계프라자약국,6
화인온누리약국,6
길음시장약국,6
서현약국,6
대림당약국,6
봄온누리약국,6
삼층약국,6
청솔약국,6
사랑받는약국,6
사랑플러스약국,6
강원약국,6
하나약국,6
동그라미약국,6
소망약국,6
백세약국,6
메디칼팜약국,6
동서옵티마약국,6
우리들약국,6
솔밭약국,6
힘찬약국,6
선약국,6
삼우약국,6
아이메디칼약국,6
공원아이사랑약국,6
프라임온누리약국,6
햇님약국,6
신세원약국,6
국민온누리약국,6
누리약국,6
길음메디칼약국,6
청백약국,6
아이사랑약국,6
월계약국,6
정주약국,6
밝은약국,6
늘봄약국,6
청춘약국,6
아가페온누리약국,6
황인재약국,6
메디팜백약국,6
월계프라자약국,6
화인온누리약국,6
길음시장약국,6
서현약국,6
대림당약국,6
봄온누리약국,6
삼층약국,6
청솔약국,6
사랑받는약국,6
사랑플러스약국,6
강원약국,6
하나약국,6
동그라미약국,6
소망약국,6
백세약국,6
메디칼팜약국,6
롯데영플라자,5
비너스 명동점,5
롯대백화점 에비뉴엘점,5
구구스 명동롯데점,5
티파니손바느질,5
모노로그 명동2호점,5
럭키팩토리 명동점,5
DAB명동점,5
에비수 명동점,5
모노로그 명동1호점,5
리바이스바디웨어 명동2점,5
어라운드101 명동,5
PINWHEEL,5
패션홍 명동점,5
솔브 명동직매장점,5
꼴레뜨명동점,5
스멕스 명동점,5
TOMMYHILFIGER,5
캘빈클라인진 명동대리점,5
캘빈클라인언더웨어 명동대리점,5
원더플레이스명동점,5
플랙진 명동점,5
반도명동,5
츄 명동 플래그쉽스토어,5
혜지스 명동점,5
보이런던 명동충무점,5
비아트 명동본점,5
미쏘 명동점,5
보이런던 명동2가점,5
식스티에잇,5
H&M 명동 중앙길점,5
게스 명동직영점,5
온더스팟 명동점,5
믹스엑스믹스 명동점,5
스타일난다 핑크호텔,5
티니위니 명동2호점,5
에블린 명동,5
SJYP 명동직영점,5
아베명동,5
스파오 명동점,5
후아유 명동점,5
로엠 명동점,5
눈 스퀘어,5
탑텐 명동2호점,5
오델로 명동점,5
에잇세컨즈 명동점,5
뉴발란스키즈 명동점,5
젠 명동점,5
래코드 나눔의공간,5
나무다움 명동점,5
반니비스포크 명동점,5
애플,5
신세계백화점 본점,5
봄바니에,5
밀리오레 명동쇼핑몰,5
유니클로 명동중앙점,5
명동역지하쇼핑센터,5
노스페이스 명동점,5
M.FFIN 명동점,5
알니스 명동본점,5
블랭크425,5
젠느,5
Moon J,5
HEICH BLADE,5
캘빈클라인언더웨어 가로수길점,5
아보아보,5
ABO,5
언유주얼 앵글,5
근뿌룸,5
바이브레이트 신사점,5
에잇세컨즈 가로수길점,5
부티크비,5
VUIEL,5
그레이스케일,5
여은,5
SJYP 가로수길점,5
일랑일랑,5
앤켈리,5
테이즈 본사,5
눌샵,5
서플라이루트 가로수길,5
Doii Paris,5
어텐션로우,5
슬로우고먼트,5
젝시믹스 핏 스토어 가로수길점,5
블랑드셀로,5
K Way 가로수길 프리미어 스토어,5
보이런던 가로수직영점,5
워머,5
블루스맨,5
아이아이 쇼룸,5
라실루엣드유제니,5
2nd street,5
하이니크,5
제이와이킴,5
컷아웃포,5
코르크,5
프레이트,5
리바이스 신사 직영점,5
느와르라르메스,5
LOW CLASSIC,5
로우클래식가로수길점,5
akro,5
인트로,5
듀이듀이,5
클럽모나코 가로수길점,5
에이랜드 가로수길점,5
로즈엘,5
파라다이스에어라인,5
세인트제임스 부띠끄서울특별시점,5
마크앤올리비에,5
예닛시,5
TBH GLOBAL 라이브러리,5
미쳐라,5
폴로랄프로렌 가로수길 직영점,5
메종키츠네,5
디스커버리 가로수길점,5
유니클로 신사점,5
비슬로우 슬로우 하우스점,5
am 11:00,5
LE BLANC,5
Sakk,5
에스타도,5
스타일옴므 가로수길본점,5
그라운드플랜 본점,5
익선동빈티지,5
캘리도나휴,5
위시유,5
리바이스 가로수플래그쉽스토어,5
코데즈컴바인이너웨어 가로수점,5
솔브 가로수점,5
마시모두띠 가로수길점,5
ASOME,5
오디너리,5
에프앤에프디스커버리가로수길점,5
원더브라 가로수길점,5
에프터눈인더하우스,5
블루민 부띠끄,5
체리코코 가로수점,5
바스튜디오,5
스타일스토어,5
403호 만두카,5
미라르,5
103 가로수길점,5
파타고니아 서울특별시가로수길직영점,5
스페이스스테이션,5
Allow,5
REKKEN 가로수길 플래그쉽 스토어,5
가로수101,5
캐리마켓 가로수길점,5
이엔이,5
오프리미어쿱,5
PAUL HAN,5
에스파이,5
팬츠컴퍼니,5
클로띵스,5
베터카인드 스튜디오,5
MARGAUX,5
THE SWEAT,5
맨톤,5
페이우,5
21-3-80,5
폴앤앨리스,5
모이라이,5
해피투게더,5
패턴컨트롤,5
라파 서울특별시 클럽하우스,5
망고코리아 가로수길점,5
자라 가로수길점,5
어라운드더코너 가로수길점,5
라코스테 가로수길점,5
워드로브,5
더 테라스,5
etcseoul,5
타미진직영점,5
타미힐피거,5
딥블루,5
이티씨,5
블랙브라운,5
COS,5
한스타일아울렛,5
랜덤워크 가로수길점,5
컬럼비아 가로수길점,5
아트리아 플래그쉽스토어,5
콤아엠,5
바네루치,5
옴니,5
라믹스,5
SORTIE OUTLET,5
어반시티,5
MUNN,5
디그스타일,5
vase,5
조치필리,5
보엔,5
골스튜디오,5
마가찌니,5
타미힐피거 가로수길 직영점,5
킴스부띠끄,5
파슨스 가로수길점,5
마켓리버티,5
퓨쳐퍼펙트,5
Dare,5
H&M 신사 가로수점,5
빅토리아베이,5
군스타일,5
MISS HAPPY,5
어나더샵,5
vonin,5
클레먼트,5
나이키 훕소울533점,5
찬스바이라임스 가로수길지점,5
식스티에잇플래그십스토어,5
게스 가로수길직영점,5
코튼,5
셀레티드,5
스파오 가로수길점,5
다사르토,5
크림,5
꼴레뜨나인,5
RAFIK,5
더틴트 가로수길점,5
Tommer&jeffer,5
ABRAHAM K HANGUL,5
NEILL KATTER,5
오공빈티지,5
konsil,5
루이스클럽,5
배드블러드,5
리테일러,5
페이지원,5
볼트스토어,5
홀라인 홍대점,5
커버낫 홍대점,5
캉골 홍대직영점,5
로라로라 홍대점,5
제이반스클래식 홍대점,5
랩원오원,5
엉클조,5
라이프랩,5
스펠링,5
스며들다,5
롸킥스,5
코르카 홍대점,5
아영상사,5
스파오 AK홍대점,5
지오송지오 홍대,5
블랙업,5
부엔모조,5
젠 홍대점,5
웍스아웃 홍대 라이즈점,5
스파오 홍대점,5
에메필 홍대점,5
로엠 홍대 EXIT점,5
원더플레이스 홍대FSS점,5
에블린 홍대점,5
유니클로 와이즈파크 홍대점,5
Mixxo 홍대YZ파크점,5
블루케찹,5
헌트이너웨어 홍대YZ파크,5
인사일런스 홍대 팝업스토어,5
챔피온스토어 홍대AK&점,5
블루문앤코,5
하이츠스토어,5
에이랜드 홍대점,5
이스트쿤스트 Aland 홍대점,5
체인지박스,5
드림윙즈,5
연남빈티지,5
블랙브라운 홍대점,5
퍼플펌프스,5
빈티지 바이 로웰,5
게릴라라디오,5
TOM,5
Sculp,5
H&M 홍대점 (여성  남성),5
어게인유즈빈티지샵,5
홍대빽바지,5
섹시쿠키 홍대점,5
빈티지크루,5
옴니피플,5
엠플레이그라운드 홍대3호점,5
TROUBADOUR 홍대점,5
빈티집,5
뉴에라 홍대점,5
TOM,5
돈키호테,5
LOVER,5
클로 스튜디오,5
빈티지플러스,5
에메필 홍대2호점,5
아베르 스튜디오,5
키키러브,5
언더스타서울특별시,5
스페이스모리스,5
엠플레이그라운드 홍대2호점,5
널디 홍대 플래그쉽 스토어,5
LIZE&MilkCocoa,5
87MM,5
비바스튜디오,5
로파우사다 홍대점,5
플랫폼플레이스 홍대점,5
OiOi,5
세인트페인 FLAGSHIP,5
프랑켄모노,5
칼하트WIP 홍대와우산점,5
웍스아웃 홍대 와우산 아울렛,5
스탠다드가먼츠,5
커스텀멜로우홍대점,5
팀버랜드 홍대점,5
젝시믹스 핏 스토어 홍대점,5
스윙잉서울특별시 홍대점,5
슈코뉴,5
임블리 플래그쉽스토어 홍대점,5
와일드혹스,5
부기홀리데이,5
A PIECE OF CAKE,5
더어라운드,5
비슬로우 홍대점,5
데일리먼데이플래그쉽스토어,5
챈스챈스,5
로미스토리 플래그십스토어 홍대점,5
주코빈티지,5
아더스페이스 ADERerror,5
마크엠 플래그십 스토어,5
ZARA,5
vintageralph,5
코데즈컴바인이너웨어홍대점,5
모야키즈,5
미스터빈티지,5
패션홍 홍대점,5
YES 홍대점,5
트락,5
카우보이,5
키라키라,5
그리드,5
whenever,5
오늘의 빈티지,5
모란지,5
보라블리,5
마켓에이홍대2지점,5
패션홍 홍대파크점,5
코실,5
미지,5
데일리스미스 홍대점,5
한티지,5
디엠빈티지 홍대점,5
해피히피,5
라브로스,5
라따몬따,5
리스펙트,5
피라,5
노스트로,5
데니로드,5
SARTORO,5
Mistral 홍대직영점,5
벨앤휘슬,5
히얼위아,5
앤드비,5
테테아테테,5
라이커샵,5
문델리온,5
아도르클래식,5
옴니피플,5
스텝서울특별시,5
파타고니아 서울특별시홍대점,5
CHUU 홍대점,5
스타일난다,5
썸데이즈,5
68K,5
RGB201,5
슈타터,5
웨어웍스,5
라쇼몽,5
옐로우베리,5
헨즈,5
코코나니,5
조군샵 홍대점,5
LUIDE,5
어라운드더코너 AK&점,5
동교프라자,5
로라 홍대점,5
엔스테드,5
마크곤잘레스 플래그쉽스토어 홍대점,5
LMC HONGDAE FLAGSHIP STORE,5
로닌 홍대점,5
디스이즈네버댓,5
리얼소울,5
실리빌리,5
MOONOKA,5
토마토라이브러리,5
유니팝콘,5
엄브로 홍대직영점,5
빈티지산타,5
에이에이플레이스,5
FOREVER 21,5
썬플라워,5
이고,5
엠플레이그라운드 홍대1호점,5
솔브 홍대직매장,5
AAPLACE,5
DONOTEAT,5
사비로,5
크랭크,5
브라운야드,5
어 드림 오브 씨드,5
캡틴,5
지지지오지엔,5
비비부띠끄,5
앤센,5
르연,5
SOO SOO,5
김아홉,5
캐롤,5
바론오부띠크,5
자알,5
클로딘,5
미나그램,5
스마일온,5
플라플로,5
퓨엘라,5
FUNC.,5
제이스클로젯,5
오드리,5
애니,5
코뮌,5
엘리제,5
로제타,5
이태원몰,5
바바쿠트,5
네스트 스토어,5
틴트블럭,5
TINT BLOCK,5
블루핏,5
코코밀크,5
베러댄,5
비앤티,5
갈라테오,5
너드개러지,5
우니쿠,5
조슈아,5
누보,5
슈빅,5
비디알,5
오앨,5
무에라,5
옐로우컨테이너,5
드림라인,5
루머스,5
브릭레인IW,5
Lawless,5
Steadystat,5
프렌치맨션,5
CREEPY,5
하늘,5
한스양복,5
뉴욕테일러,5
팀버랜드 이태원점,5
드레브,5
머큐리양복점,5
알파양복점,5
맨체스타양복점,5
자이언트 서플라이,5
엘리아시크이태원점,5
잉들랜드양복점,5
국제큰옷,5
이태원디올,5
미스오리진,5
쥬리,5
루시,5
무지개큰옷,5
선테일러,5
데이톤,5
AMECO,5
빅토리타운,5
아폴로샵,5
현대큰옷,5
캐피탈양복점,5
로얄여자큰옷,5
아파치큰옷전문,5
이태원스포츠,5
깜보큰옷집,5
맥슬러,5
테라,5
해밀톤셔츠 이태원분점,5
킴스부띠끄,5
유니큰옷,5
오로라,5
천하장사큰옷,5
썬스타양복점,5
프렌드리,5
지지강양복점,5
빅톰,5
미라클콜렉션,5
엘리시아,5
에스비와이,5
GGKANG,5
빅보스,5
나드리 여성큰옷,5
진주강,5
레더파크,5
뉴패션양복점,5
크리스,5
노스비치,5
휴스턴,5
빅사이즈토탈몰,5
TROUBADOUR 이태원점,5
에메필 이태원점,5
빅스타,5
힐튼양복점,5
제이리나,5
샘스양복점,5
다이너스티 양복점,5
히말라야아이즈,5
FAMILY SHOP,5
카라,5
LABELESS,5
고려양복점,5
ODDONEOUT,5
ARCHIVE ROOM,5
피콕샵,5
데이아 빈티지,5
베이지베이지,5
오권숙,5
마니에르,5
MANIERE,5
리디아 비스포크 테일러,5
수트서플라이 한남점,5
와드로브,5
멜팅룸,5
소피엠,5
레드피쉬키즈,5
딥플로우,5
WMM STUDIOS,5
구루,5
로코보니타,5
올모스트홈 경리단길,5
CHAMBER,5
THE CENTAUR,5
빈티지 모란모란,5
NOTA,5
Pretone,5
트랜드헌트,5
아스팔트킨트 A28T,5
동대문 지하쇼핑센터,5
동대문종합시장,5
탑텐 동대문점,5
솔브 동대문점,5
jaba11,5
란제리하우스,5
삼우텍스프라자,5
채플린옴므,5
디오트패션도매상가,5
케이패션,5
벨포스트,5
아트프라자,5
DDP패션몰,5
맥스타일,5
DWP,5
혜양엘리시움,5
광희패션몰,5
퀸즈스퀘어,5
FOREVER 21,5
마리하우스,5
에메필 명동점,5
에이랜드 명동점,5
YHKIM,5
에스콰이아옴므,5
인디브랜드 명동2호점,5
LOW CLASIC,5
네오커스텀테일러 명동본점,5
캐나다구스,5
루바나 명동본점,5
청평화패션몰,5
롯데FITIN동대문점,5
SEF,5
굿모닝시티 쇼핑몰,5
Apm쇼핑몰,5
밀리오레,5
라이크어스타,5
두타몰,5
모던앤빈티지,5
현대시티아울렛 동대문점,5
동화상가,5
평화시장,5
남양사,5
신평화패션타운,5
동평화패션타운,5
반포드레스,5
장일남컬렉션,5
콘도티,5
ElevenNTwelve 밀레오레 명동점,5
프리미엄아울렛 골든하이,5
롯데프레시 대구구지점,5
힐스테이트 금정역 상업시설,5
(주)이마트 통영점,5
현대프리미엄아울렛 남양주점,5
현대프리미엄아울렛 대전점,5
모다아울렛,5
아르켓 가로수길점,5
더발론 플래그십 스토어,5
하랑주얼리,5
안젤로비안코 쇼룸,5
엘라부티크,5
인스턴트펑크 압구정플래그십스토어,5
큰옷전문 빅보스,5
나일로라 한남 플래그십스토어,5
TRVR,5
Lynder,5
아이엔에프아이엑스,5
애글릿,5
포쉬빈티지,5
KINDERSALMON,5
스왈로우라운지 한남,5
아이워즈어카,5
시엔느,5
원더플레이스,5
Towpath Shop,5
5PENING,5
마리떼프랑소와저버 한남점,5
